{"oddzialy": [{"nazwa": "1JG1", "plik": "o1"}, {"nazwa": "1JG2", "plik": "o2"}, {"nazwa": "1MFI", "plik": "o3"}, {"nazwa": "2BCH", "plik": "o4"}, {"nazwa": "2JG1", "plik": "o5"}, {"nazwa": "2JG2", "plik": "o6"}, {"nazwa": "2MF", "plik": "o7"}, {"nazwa": "2OPW", "plik": "o8"}, {"nazwa": "2S", "plik": "o9"}, {"nazwa": "3JG1", "plik": "o10"}, {"nazwa": "3JG2", "plik": "o11"}, {"nazwa": "3JG3", "plik": "o12"}, {"nazwa": "3BCH", "plik": "o13"}, {"nazwa": "3MFI", "plik": "o14"}, {"nazwa": "3MS", "plik": "o15"}, {"nazwa": "4BCH", "plik": "o16"}, {"nazwa": "4JG1", "plik": "o17"}, {"nazwa": "4JG2", "plik": "o18"}, {"nazwa": "4MIF", "plik": "o19"}, {"nazwa": "1TI", "plik": "o20"}, {"nazwa": "1TUG", "plik": "o21"}, {"nazwa": "1TW", "plik": "o22"}, {"nazwa": "2TI", "plik": "o23"}, {"nazwa": "2TP", "plik": "o24"}, {"nazwa": "2TW", "plik": "o25"}, {"nazwa": "2TUG", "plik": "o26"}, {"nazwa": "3TI", "plik": "o27"}, {"nazwa": "3TP", "plik": "o28"}, {"nazwa": "3TUG", "plik": "o29"}, {"nazwa": "3TW", "plik": "o30"}, {"nazwa": "4TI", "plik": "o31"}, {"nazwa": "4TP", "plik": "o32"}, {"nazwa": "4TW", "plik": "o33"}, {"nazwa": "4TUG", "plik": "o34"}, {"nazwa": "5TI", "plik": "o35"}, {"nazwa": "5TP", "plik": "o36"}, {"nazwa": "5TW", "plik": "o37"}, {"nazwa": "5TUG", "plik": "o38"}], "nauczyciele": [{"nazwa": "A.Adamczyk", "plik": "n1", "id": "AA"}, {"nazwa": "L.Bagrowska-Feige", "plik": "n2", "id": "LB"}, {"nazwa": "R.Bejczuk", "plik": "n3", "id": "RB"}, {"nazwa": "M.Berezowska", "plik": "n4", "id": "MB"}, {"nazwa": "E.Bie\u0144", "plik": "n5", "id": "EB"}, {"nazwa": "S.Bili\u0144ski", "plik": "n6", "id": "BI"}, {"nazwa": "G.B\u0142auciak", "plik": "n8", "id": "GB"}, {"nazwa": "G.Bojanowska", "plik": "n10", "id": "BO"}, {"nazwa": "I.Chmiel", "plik": "n12", "id": "CI"}, {"nazwa": "G.Chodyniecki", "plik": "n13", "id": "GC"}, {"nazwa": "E.Chojecka", "plik": "n14", "id": "EC"}, {"nazwa": "J.Cicho\u0144", "plik": "n15", "id": "CJ"}, {"nazwa": "J.Cieciel\u0105g", "plik": "n16", "id": "CC"}, {"nazwa": "P.Cz\u0119stochowski", "plik": "n17", "id": "CZ"}, {"nazwa": "B.Dittmann", "plik": "n18", "id": "DI"}, {"nazwa": "M.Dobrzycka", "plik": "n19", "id": "MD"}, {"nazwa": "K.Doro\u017cy\u0144ski", "plik": "n21", "id": "KD"}, {"nazwa": "E.Dunaj", "plik": "n22", "id": "ED"}, {"nazwa": "B.Dykta", "plik": "n23", "id": "BD"}, {"nazwa": "P.Dymowski", "plik": "n24", "id": "PD"}, {"nazwa": "K.Florek", "plik": "n128", "id": "FL"}, {"nazwa": "W.Gali\u0144ski", "plik": "n29", "id": "GW"}, {"nazwa": "M.G\u00f3rska-Zielonka", "plik": "n31", "id": "G\u00d3"}, {"nazwa": "A.Grabowiecka", "plik": "n32", "id": "AG"}, {"nazwa": "A.Grubiak", "plik": "n33", "id": "PE"}, {"nazwa": "M.Gryll", "plik": "n35", "id": "MG"}, {"nazwa": "W.Gryll", "plik": "n36", "id": "GL"}, {"nazwa": "D.Hasiak", "plik": "n37", "id": "DH"}, {"nazwa": "T.Jazienicki", "plik": "n38", "id": "TJ"}, {"nazwa": "H.Kami\u0144ska", "plik": "n39", "id": "HI"}, {"nazwa": "J.Komar", "plik": "n41", "id": "JK"}, {"nazwa": "I.Konopka", "plik": "n42", "id": "IK"}, {"nazwa": "M.Konopnicka", "plik": "n43", "id": "KM"}, {"nazwa": "I.Kowalik", "plik": "n44", "id": "IS"}, {"nazwa": "B.Krzan", "plik": "n45", "id": "Kx"}, {"nazwa": "A.Kubica", "plik": "n46", "id": "K1"}, {"nazwa": "D.Kubica", "plik": "n47", "id": "KC"}, {"nazwa": "B.Kurczak", "plik": "n48", "id": "BK"}, {"nazwa": "B.Lisik", "plik": "n50", "id": "Li"}, {"nazwa": "B.Lorek-Chrz\u0105szcz", "plik": "n51", "id": "LO"}, {"nazwa": "D.Ludwikowski", "plik": "n52", "id": "LU"}, {"nazwa": "E.Maciuszek", "plik": "n53", "id": "EM"}, {"nazwa": "H.Magierowska", "plik": "n54", "id": "HM"}, {"nazwa": "B.Matias-Cymbalista", "plik": "n55", "id": "BM"}, {"nazwa": "I.Matura-Pacholik", "plik": "n129", "id": "IM"}, {"nazwa": "P.Migus", "plik": "n56", "id": "PM"}, {"nazwa": "S.Misiarz", "plik": "n57", "id": "Mi"}, {"nazwa": "A.M\u0142ynarz", "plik": "n58", "id": "AM"}, {"nazwa": "S.Morawiak", "plik": "n59", "id": "SM"}, {"nazwa": "A.Muszy\u0144ska", "plik": "n60", "id": "MU"}, {"nazwa": "J.Narolska-Kapu\u015bci\u0144ska", "plik": "n61", "id": "NK"}, {"nazwa": "B.Paralusz", "plik": "n63", "id": "BP"}, {"nazwa": "M.Pawlik", "plik": "n64", "id": "Pa"}, {"nazwa": "D.Pi\u0105tkowiak", "plik": "n69", "id": "DP"}, {"nazwa": "I.Pieni\u0105\u017cek", "plik": "n66", "id": "IP"}, {"nazwa": "K.Pierzcha\u0142a", "plik": "n67", "id": "KP"}, {"nazwa": "M.Pogwizd", "plik": "n68", "id": "MP"}, {"nazwa": "A.Pydych-Sobota", "plik": "n70", "id": "AP"}, {"nazwa": "E.Radczak", "plik": "n71", "id": "ER"}, {"nazwa": "G.Radczak", "plik": "n72", "id": "GR"}, {"nazwa": "P.Razik", "plik": "n73", "id": "PR"}, {"nazwa": "M.Salachna", "plik": "n75", "id": "SH"}, {"nazwa": "R.Siwecki", "plik": "n76", "id": "RS"}, {"nazwa": "K.Skirzewska", "plik": "n78", "id": "KS"}, {"nazwa": "A.Smoli\u0144ska", "plik": "n79", "id": "AS"}, {"nazwa": "A.St\u0119pniewicz", "plik": "n82", "id": "A\u0118"}, {"nazwa": "P.Szczurek", "plik": "n83", "id": "PS"}, {"nazwa": "P.\u015awi\u0119cicka", "plik": "n84", "id": "\u015aP"}, {"nazwa": "K.Tajdu\u015b", "plik": "n85", "id": "KT"}, {"nazwa": "I.Tomaszewska-G\u00f3ra", "plik": "n86", "id": "IT"}, {"nazwa": "A.Wojtowicz", "plik": "n91", "id": "AW"}, {"nazwa": "R.Wola\u0144ska-Pfeifer", "plik": "n92", "id": "RW"}, {"nazwa": "M.Workiewicz", "plik": "n93", "id": "MW"}, {"nazwa": "M.Wo\u015b", "plik": "n94", "id": "W\u015a"}, {"nazwa": "A.Zarzycki", "plik": "n96", "id": "ZA"}, {"nazwa": "T.Zuwa\u0142a", "plik": "n97", "id": "ZU"}, {"nazwa": "K.\u017bem\u0142a", "plik": "n98", "id": "K\u017b"}, {"nazwa": "A.\u017bukrowska", "plik": "n99", "id": "A\u017b"}], "gabinety": [{"nazwa": "s1", "plik": "s1", "opis": "sala gimnastyczna nowa"}, {"nazwa": "s3", "plik": "s3", "opis": "sala gimnastyczna na nowym skrzydle"}, {"nazwa": "5", "plik": "s8", "opis": "matematyka"}, {"nazwa": "9", "plik": "s9", "opis": "pracownia anatomii"}, {"nazwa": "10", "plik": "s10", "opis": "pracownia informatyczna"}, {"nazwa": "11", "plik": "s11", "opis": "chemia"}, {"nazwa": "13", "plik": "s12", "opis": "pracownia analizy"}, {"nazwa": "15", "plik": "s13", "opis": "pracownia gastronomiczna"}, {"nazwa": "16", "plik": "s14", "opis": "technologia gastronomiczna"}, {"nazwa": "20", "plik": "s15", "opis": "matematyka"}, {"nazwa": "21", "plik": "s16", "opis": "biologia"}, {"nazwa": "27", "plik": "s17", "opis": "PO"}, {"nazwa": "28", "plik": "s18", "opis": "pracownia rolnicza"}, {"nazwa": "30", "plik": "s19", "opis": "j\u0119zyk niemiecki, angielski"}, {"nazwa": "29", "plik": "s20", "opis": "historia"}, {"nazwa": "101", "plik": "s21", "opis": "informatyka"}, {"nazwa": "102", "plik": "s22", "opis": "angielski"}, {"nazwa": "108", "plik": "s23", "opis": "informatyka"}, {"nazwa": "109", "plik": "s24", "opis": "informtyka"}, {"nazwa": "110", "plik": "s25", "opis": "j\u0119zyk niemiecki"}, {"nazwa": "111", "plik": "s26", "opis": "informatyka"}, {"nazwa": "12", "plik": "s27", "opis": "matematyka"}, {"nazwa": "113", "plik": "s28", "opis": "informatyka"}, {"nazwa": "117", "plik": "s29", "opis": "informatyka"}, {"nazwa": "117a", "plik": "s30", "opis": "informatyka"}, {"nazwa": "121", "plik": "s31", "opis": "przedmioty ekonomiczne"}, {"nazwa": "123", "plik": "s32", "opis": "podstawy przedsi\u0119biorczo\u015bci"}, {"nazwa": "125", "plik": "s33", "opis": "j\u0119zyk angielski"}, {"nazwa": "126", "plik": "s34", "opis": "j\u0119zyk polski"}, {"nazwa": "132", "plik": "s36", "opis": "matematyka"}, {"nazwa": "134", "plik": "s37", "opis": "j\u0119zyk angielski"}, {"nazwa": "135", "plik": "s38", "opis": "przedmioty zawodowe"}, {"nazwa": "136", "plik": "s39", "opis": "j\u0119zyk angielski"}, {"nazwa": "138", "plik": "s40", "opis": "wos"}, {"nazwa": "139", "plik": "s41", "opis": "j\u0119zyk polski"}, {"nazwa": "140", "plik": "s42", "opis": "j\u0119zyk polski"}, {"nazwa": "141", "plik": "s43", "opis": "biologia"}, {"nazwa": "142", "plik": "s44", "opis": "etchnologia gastronomiczna"}, {"nazwa": "144", "plik": "s45", "opis": "matematyka"}, {"nazwa": "146", "plik": "s46", "opis": "j\u0119zyk polski"}, {"nazwa": "199", "plik": "s47", "opis": "j\u0119zyk angielski"}, {"nazwa": "217", "plik": "s48", "opis": "matematyka"}, {"nazwa": "202", "plik": "s49", "opis": "zaj\u0119cia praktyczne, przedmioty zawodowe"}, {"nazwa": "200", "plik": "s50", "opis": "fizyka"}, {"nazwa": "201", "plik": "s51", "opis": "fizyka"}, {"nazwa": "203", "plik": "s52", "opis": "j\u0119zyk angielski"}, {"nazwa": "204", "plik": "s53", "opis": "j\u0119zyk niemiecki"}, {"nazwa": "205", "plik": "s54", "opis": "j\u0119zyk niemiecki"}, {"nazwa": "207", "plik": "s55", "opis": "j\u0119zyk niemiecki"}, {"nazwa": "209", "plik": "s56", "opis": "TIK"}, {"nazwa": "208", "plik": "s57", "opis": "j\u0119zyk niemiecki"}, {"nazwa": "210", "plik": "s58", "opis": "informatyka"}, {"nazwa": "212", "plik": "s59", "opis": "informatyka"}, {"nazwa": "213", "plik": "s60", "opis": "infromatyka"}, {"nazwa": "214", "plik": "s61", "opis": "informatyka"}, {"nazwa": "300", "plik": "s62", "opis": "historia, historia i spo\u0142ecze\u0144stwo"}, {"nazwa": "301", "plik": "s63", "opis": "historia, historia i spo\u0142ecze\u0144stwo"}, {"nazwa": "303", "plik": "s64", "opis": "j\u0119zyk polski"}, {"nazwa": "304", "plik": "s65", "opis": "j\u0119zyk polski"}, {"nazwa": "305", "plik": "s66", "opis": "j\u0119zyk polski"}, {"nazwa": "306", "plik": "s67", "opis": "matematyka"}, {"nazwa": "307", "plik": "s68", "opis": "j\u0119zyk polski, wiedza o kulturze"}, {"nazwa": "308", "plik": "s69", "opis": "j\u0119zyk angielski"}, {"nazwa": "309", "plik": "s70", "opis": "geografia"}, {"nazwa": "310", "plik": "s71", "opis": "geografia"}, {"nazwa": "311", "plik": "s72", "opis": "j\u0119zyk angielski"}, {"nazwa": "312", "plik": "s73", "opis": "religia"}, {"nazwa": "314", "plik": "s74", "opis": "j\u0119zyk angielski"}, {"nazwa": "315", "plik": "s75", "opis": "j\u0119zyk angielski"}, {"nazwa": "317", "plik": "s76", "opis": "religia"}], "godzina": {"poczatek": [" 8:00", " 8:55", " 9:45", "10:45", "11:35", "12:25", "13:25", "14:15"], "koniec": [" 8:45", " 9:40", "10:30", "11:30", "12:20", "13:10", "14:10", "15:00"]}}
